,date,open,close,low,high,buying_point
0,2020-04-17 22:00:00,232.33,232.66,232.3,233.23,0
1,2020-04-17 23:00:00,232.69,231.88,231.02,236.94,0
2,2020-04-18 00:00:00,231.83,233.55,231.54,233.79,0
3,2020-04-18 01:00:00,233.55,234.54,233.5,234.73,0
4,2020-04-18 02:00:00,234.57,234.1,233.61,235.99,0
5,2020-04-18 03:00:00,234.18,234.05,233.69,235.18,0
6,2020-04-18 04:00:00,234.04,234.16,234.04,234.97,0
7,2020-04-18 05:00:00,234.17,234.49,234.1,235.3,0
8,2020-04-18 06:00:00,234.47,233.76,233.56,235.0,0
9,2020-04-18 07:00:00,233.75,234.05,233.48,234.58,0
10,2020-04-18 08:00:00,234.03,234.22,233.73,235.03,0
11,2020-04-18 09:00:00,234.19,234.04,233.93,234.88,1
12,2020-04-18 10:00:00,234.06,233.42,232.0,234.23,0
13,2020-04-18 11:00:00,233.41,234.68,232.15,235.29,0
14,2020-04-18 12:00:00,234.78,237.33,233.57,238.6,0
15,2020-04-18 13:00:00,237.3,239.95,236.73,240.83,1
16,2020-04-18 14:00:00,240.04,239.71,238.77,241.14,1
17,2020-04-18 15:00:00,239.73,240.72,238.83,240.72,1
18,2020-04-18 16:00:00,240.72,239.07,237.7,241.49,1
19,2020-04-18 17:00:00,239.13,239.2,238.31,240.0,1
20,2020-04-18 18:00:00,239.26,239.61,238.28,239.79,1
21,2020-04-18 19:00:00,239.61,240.97,239.18,241.43,1
22,2020-04-18 20:00:00,240.98,244.12,240.67,246.06,1
23,2020-04-18 21:00:00,244.2,245.28,244.2,245.45,1
24,2020-04-18 22:00:00,245.28,245.88,243.81,247.59,1
25,2020-04-18 23:00:00,245.83,243.64,242.37,245.9,1
26,2020-04-19 00:00:00,243.63,242.69,239.53,244.18,1
27,2020-04-19 01:00:00,242.64,243.02,240.81,243.53,1
28,2020-04-19 02:00:00,242.95,244.49,242.64,244.97,1
29,2020-04-19 03:00:00,244.47,244.35,242.85,244.73,1
30,2020-04-19 04:00:00,244.42,243.31,243.14,244.9,1
31,2020-04-19 05:00:00,243.29,238.2,237.31,243.62,0
32,2020-04-19 06:00:00,238.26,238.74,237.14,240.25,0
33,2020-04-19 07:00:00,238.73,238.4,238.0,239.61,0
34,2020-04-19 08:00:00,238.46,238.41,237.12,239.02,0
35,2020-04-19 09:00:00,238.41,239.05,237.16,239.44,0
36,2020-04-19 10:00:00,238.91,239.01,238.06,239.76,0
37,2020-04-19 11:00:00,239.0,237.95,236.13,239.0,0
38,2020-04-19 12:00:00,237.94,237.26,235.81,237.94,0
39,2020-04-19 13:00:00,237.26,232.8,231.61,237.47,0
40,2020-04-19 14:00:00,232.79,232.82,229.0,233.12,0
41,2020-04-19 15:00:00,232.76,231.79,231.26,233.5,0
42,2020-04-19 16:00:00,231.76,232.83,230.81,233.28,0
43,2020-04-19 17:00:00,232.79,234.58,232.14,234.91,0
44,2020-04-19 18:00:00,234.62,233.57,233.02,234.84,0
45,2020-04-19 19:00:00,233.62,233.35,232.51,234.33,0
46,2020-04-19 20:00:00,233.36,233.22,232.35,233.94,0
47,2020-04-19 21:00:00,233.24,235.63,233.24,236.27,0
48,2020-04-19 22:00:00,235.72,234.92,233.92,236.25,0
49,2020-04-19 23:00:00,234.94,231.27,231.12,235.35,0
50,2020-04-20 00:00:00,231.27,234.01,229.69,234.42,0
51,2020-04-20 01:00:00,234.03,234.85,232.76,235.07,0
52,2020-04-20 02:00:00,234.84,236.93,234.15,238.26,0
53,2020-04-20 03:00:00,236.91,236.15,235.73,237.98,0
54,2020-04-20 04:00:00,236.12,235.87,235.64,238.5,0
55,2020-04-20 05:00:00,235.88,235.86,234.97,236.49,0
56,2020-04-20 06:00:00,235.92,234.89,234.08,236.49,0
57,2020-04-20 07:00:00,234.84,235.83,234.33,236.34,0
58,2020-04-20 08:00:00,235.83,233.81,232.91,236.11,0
59,2020-04-20 09:00:00,233.86,234.18,233.13,235.27,0
60,2020-04-20 10:00:00,234.16,232.96,231.21,234.18,0
61,2020-04-20 11:00:00,232.94,225.86,225.54,233.0,0
62,2020-04-20 12:00:00,225.74,229.49,222.62,231.05,0
63,2020-04-20 13:00:00,229.51,228.73,228.05,230.69,0
64,2020-04-20 14:00:00,228.73,230.08,227.76,230.39,0
65,2020-04-20 15:00:00,230.08,229.34,228.71,231.32,0
66,2020-04-20 16:00:00,229.33,227.81,227.07,230.72,0
67,2020-04-20 17:00:00,227.88,221.83,220.5,227.91,0
68,2020-04-20 18:00:00,221.86,221.75,220.0,224.9,0
69,2020-04-20 19:00:00,221.75,216.38,216.0,222.44,0
70,2020-04-20 20:00:00,216.37,221.19,215.62,221.98,0
71,2020-04-20 21:00:00,221.28,219.72,219.28,222.03,0
72,2020-04-20 22:00:00,219.73,221.49,219.55,221.96,0
73,2020-04-20 23:00:00,221.47,219.02,218.5,221.74,0
74,2020-04-21 00:00:00,219.02,221.38,218.02,222.56,0
75,2020-04-21 01:00:00,221.4,222.11,221.0,222.55,0
76,2020-04-21 02:00:00,222.11,218.93,218.65,222.49,0
77,2020-04-21 03:00:00,218.86,219.57,218.38,220.1,0
78,2020-04-21 04:00:00,219.58,219.35,218.61,220.39,0
79,2020-04-21 05:00:00,219.35,221.41,219.05,222.14,0
80,2020-04-21 06:00:00,221.4,220.28,220.0,222.14,0
81,2020-04-21 07:00:00,220.31,219.57,218.46,220.39,0
82,2020-04-21 08:00:00,219.57,218.62,218.0,219.98,0
83,2020-04-21 09:00:00,218.61,217.56,215.03,219.1,0
84,2020-04-21 10:00:00,217.49,217.18,216.42,218.6,0
85,2020-04-21 11:00:00,217.21,217.65,215.72,218.86,0
86,2020-04-21 12:00:00,217.56,219.32,217.27,221.0,0
87,2020-04-21 13:00:00,219.32,219.65,217.96,220.49,0
88,2020-04-21 14:00:00,219.69,220.72,219.28,223.5,0
89,2020-04-21 15:00:00,220.76,220.31,219.13,222.04,0
90,2020-04-21 16:00:00,220.42,220.85,219.55,221.24,0
91,2020-04-21 17:00:00,220.84,222.05,218.94,223.2,0
92,2020-04-21 18:00:00,222.05,221.37,221.2,222.43,0
93,2020-04-21 19:00:00,221.45,220.44,220.44,222.12,0
94,2020-04-21 20:00:00,220.43,220.53,219.48,220.94,0
95,2020-04-21 21:00:00,220.67,220.55,220.08,220.98,0
96,2020-04-21 22:00:00,220.55,221.62,220.35,221.73,0
97,2020-04-21 23:00:00,221.6,219.42,218.94,221.92,0
98,2020-04-22 00:00:00,219.44,218.59,217.33,220.12,0
99,2020-04-22 01:00:00,218.52,219.82,217.64,219.89,0
100,2020-04-22 02:00:00,219.8,220.46,219.31,221.47,0
101,2020-04-22 03:00:00,220.57,220.18,219.65,220.91,0
102,2020-04-22 04:00:00,220.19,219.49,219.24,220.5,0
103,2020-04-22 05:00:00,219.53,222.14,219.23,222.84,0
104,2020-04-22 06:00:00,222.18,222.66,221.0,222.74,0
105,2020-04-22 07:00:00,222.66,222.77,221.62,223.7,0
106,2020-04-22 08:00:00,222.68,223.08,221.9,223.29,0
107,2020-04-22 09:00:00,223.04,222.7,222.23,223.73,0
108,2020-04-22 10:00:00,222.61,222.9,222.04,223.2,1
109,2020-04-22 11:00:00,222.91,224.89,222.48,224.91,0
110,2020-04-22 12:00:00,224.91,224.69,223.55,225.63,0
111,2020-04-22 13:00:00,224.64,228.87,224.2,230.12,0
112,2020-04-22 14:00:00,228.88,229.87,228.64,231.75,1
113,2020-04-22 15:00:00,229.87,232.48,228.51,232.62,0
114,2020-04-22 16:00:00,232.48,232.31,231.48,235.95,1
115,2020-04-22 17:00:00,232.33,231.4,231.11,233.09,0
116,2020-04-22 18:00:00,231.34,231.52,231.1,232.45,0
117,2020-04-22 19:00:00,231.52,231.93,231.3,232.78,1
118,2020-04-22 20:00:00,231.86,232.8,231.71,233.58,1
119,2020-04-22 21:00:00,232.92,230.98,230.6,233.69,1
120,2020-04-22 22:00:00,230.97,232.31,230.52,232.37,1
121,2020-04-22 23:00:00,232.31,232.94,232.03,233.58,1
122,2020-04-23 00:00:00,233.08,232.14,231.21,233.67,0
123,2020-04-23 01:00:00,232.16,234.47,232.0,235.22,0
124,2020-04-23 02:00:00,234.45,231.3,231.0,235.15,0
125,2020-04-23 03:00:00,231.25,229.53,229.53,232.14,0
126,2020-04-23 04:00:00,229.51,230.51,228.69,230.77,0
127,2020-04-23 05:00:00,230.56,228.39,228.22,230.95,0
128,2020-04-23 06:00:00,228.43,226.5,225.83,228.43,0
129,2020-04-23 07:00:00,226.49,227.14,225.93,228.0,0
130,2020-04-23 08:00:00,227.22,228.56,226.28,229.79,0
131,2020-04-23 09:00:00,228.59,229.48,227.55,229.61,0
132,2020-04-23 10:00:00,229.48,227.73,227.68,229.81,0
133,2020-04-23 11:00:00,227.78,231.57,227.57,232.43,0
134,2020-04-23 12:00:00,231.58,232.49,230.32,233.33,0
135,2020-04-23 13:00:00,232.54,233.69,231.0,234.56,0
136,2020-04-23 14:00:00,233.57,240.88,233.57,247.0,0
137,2020-04-23 15:00:00,240.95,241.59,238.95,242.43,0
138,2020-04-23 16:00:00,241.7,238.88,237.63,243.65,1
139,2020-04-23 17:00:00,238.95,240.53,238.87,240.89,0
140,2020-04-23 18:00:00,240.47,241.02,239.41,241.2,0
141,2020-04-23 19:00:00,241.07,240.5,240.13,241.24,1
142,2020-04-23 20:00:00,240.49,240.83,240.49,242.64,1
143,2020-04-23 21:00:00,240.84,242.04,240.84,242.59,1
144,2020-04-23 22:00:00,242.12,240.72,240.31,242.69,1
145,2020-04-23 23:00:00,240.69,237.4,235.67,240.78,0
146,2020-04-24 00:00:00,237.36,237.55,236.47,238.84,0
147,2020-04-24 01:00:00,237.55,238.62,237.51,239.37,0
148,2020-04-24 02:00:00,238.63,240.16,238.63,240.5,0
149,2020-04-24 03:00:00,240.21,239.0,238.51,241.21,0
150,2020-04-24 04:00:00,239.08,240.2,238.13,240.52,0
151,2020-04-24 05:00:00,240.15,237.93,237.76,240.44,0
152,2020-04-24 06:00:00,238.0,239.95,237.73,240.24,0
153,2020-04-24 07:00:00,239.93,241.48,239.17,242.26,0
154,2020-04-24 08:00:00,241.48,239.38,236.06,241.85,0
155,2020-04-24 09:00:00,239.38,239.66,238.58,240.74,0
156,2020-04-24 10:00:00,239.66,239.19,237.3,239.66,0
157,2020-04-24 11:00:00,239.24,237.46,236.63,239.24,0
158,2020-04-24 12:00:00,237.45,238.63,236.57,239.05,0
159,2020-04-24 13:00:00,238.59,237.26,237.25,238.8,0
160,2020-04-24 14:00:00,237.28,237.06,233.31,237.82,0
161,2020-04-24 15:00:00,237.03,237.31,236.19,237.88,0
162,2020-04-24 16:00:00,237.35,238.17,236.26,238.21,0
163,2020-04-24 17:00:00,238.17,238.57,237.33,239.22,0
164,2020-04-24 18:00:00,238.59,237.88,237.79,239.61,0
165,2020-04-24 19:00:00,237.96,238.94,237.32,238.95,0
166,2020-04-24 20:00:00,238.9,238.55,238.31,239.8,0
167,2020-04-24 21:00:00,238.58,237.78,237.69,238.94,0
168,2020-04-24 22:00:00,237.67,236.9,236.41,238.98,0
169,2020-04-24 23:00:00,236.88,237.9,236.7,238.63,0
170,2020-04-25 00:00:00,237.9,236.19,235.04,238.23,0
171,2020-04-25 01:00:00,236.27,236.19,235.28,237.25,0
172,2020-04-25 04:00:00,236.28,238.79,236.28,238.9,0
173,2020-04-25 05:00:00,238.77,241.81,238.59,241.82,0
174,2020-04-25 06:00:00,241.83,242.1,240.32,242.79,0
175,2020-04-25 07:00:00,242.11,240.93,240.5,242.87,0
176,2020-04-25 08:00:00,240.9,240.03,238.72,241.87,0
177,2020-04-25 09:00:00,240.02,241.0,239.46,241.39,0
178,2020-04-25 10:00:00,240.98,241.26,239.65,241.57,1
179,2020-04-25 11:00:00,241.35,239.49,238.31,242.26,0
180,2020-04-25 12:00:00,239.4,240.2,239.4,240.82,1
181,2020-04-25 13:00:00,240.2,243.69,240.18,243.72,1
182,2020-04-25 14:00:00,243.68,241.97,241.22,244.14,1
183,2020-04-25 15:00:00,241.94,238.58,238.0,245.76,0
184,2020-04-25 16:00:00,238.62,239.05,236.77,239.92,0
185,2020-04-25 17:00:00,239.06,238.24,237.12,239.54,1
186,2020-04-25 18:00:00,238.2,237.36,236.94,238.53,1
187,2020-04-25 19:00:00,237.29,238.55,236.91,238.75,0
188,2020-04-25 20:00:00,238.68,238.91,238.64,239.66,1
189,2020-04-25 21:00:00,238.91,238.08,237.12,238.91,1
190,2020-04-25 22:00:00,238.1,238.7,237.66,239.04,1
191,2020-04-25 23:00:00,238.59,238.07,236.76,238.59,0
192,2020-04-26 00:00:00,238.06,240.47,237.38,240.8,1
193,2020-04-26 01:00:00,240.46,240.06,239.52,240.98,1
194,2020-04-26 02:00:00,240.04,240.93,239.55,241.6,1
195,2020-04-26 03:00:00,240.92,240.46,239.94,241.05,1
196,2020-04-26 04:00:00,240.49,239.51,239.19,240.5,1
197,2020-04-26 05:00:00,239.51,237.87,237.55,239.54,0
198,2020-04-26 06:00:00,237.9,238.83,237.63,239.43,0
199,2020-04-26 07:00:00,238.82,238.59,238.13,239.58,0
200,2020-04-26 08:00:00,238.55,238.62,237.6,238.93,0
201,2020-04-26 09:00:00,238.6,240.34,238.48,240.68,0
202,2020-04-26 10:00:00,240.34,241.76,239.81,242.15,1
203,2020-04-26 11:00:00,241.76,242.76,240.33,243.46,1
204,2020-04-26 12:00:00,242.76,242.67,241.23,243.3,1
205,2020-04-26 13:00:00,242.62,247.75,242.11,249.0,1
206,2020-04-26 14:00:00,247.58,244.2,243.55,249.42,1
207,2020-04-26 15:00:00,244.2,239.01,238.0,244.47,1
208,2020-04-26 16:00:00,239.02,240.17,238.3,241.37,1
209,2020-04-26 17:00:00,240.17,240.83,239.01,241.23,1
210,2020-04-26 18:00:00,240.8,241.29,240.4,241.68,1
211,2020-04-26 19:00:00,241.24,245.08,240.49,246.0,1
212,2020-04-26 20:00:00,245.03,245.5,243.89,245.52,1
213,2020-04-26 21:00:00,245.51,244.07,243.79,246.35,1
214,2020-04-26 22:00:00,244.16,243.34,242.43,244.37,1
215,2020-04-26 23:00:00,243.33,246.36,242.82,246.66,1
216,2020-04-27 00:00:00,246.35,245.71,244.8,247.71,1
217,2020-04-27 01:00:00,245.78,244.75,244.0,248.07,1
218,2020-04-27 02:00:00,244.75,246.23,244.31,246.23,1
219,2020-04-27 03:00:00,246.24,245.59,244.81,247.8,1
220,2020-04-27 04:00:00,245.58,245.72,245.0,246.06,1
221,2020-04-27 05:00:00,245.75,242.57,241.35,246.07,0
222,2020-04-27 06:00:00,242.56,240.92,240.17,243.33,0
223,2020-04-27 07:00:00,240.94,243.0,239.6,243.3,0
224,2020-04-27 08:00:00,242.86,242.57,241.7,243.8,0
225,2020-04-27 09:00:00,242.64,242.41,241.28,242.99,0
226,2020-04-27 10:00:00,242.32,240.76,240.22,242.78,0
227,2020-04-27 11:00:00,240.76,241.42,240.35,241.9,0
228,2020-04-27 12:00:00,241.48,240.18,238.83,241.72,0
229,2020-04-27 13:00:00,240.18,237.34,234.05,240.46,0
230,2020-04-27 14:00:00,237.34,235.92,234.02,237.34,0
231,2020-04-27 15:00:00,235.97,236.8,235.33,237.8,0
232,2020-04-27 16:00:00,236.73,237.11,235.93,238.98,0
233,2020-04-27 17:00:00,237.14,236.78,236.13,237.23,0
234,2020-04-27 18:00:00,236.72,238.48,236.71,238.79,0
235,2020-04-27 19:00:00,238.48,238.6,237.82,239.18,0
236,2020-04-27 20:00:00,238.57,237.91,237.76,238.89,1
237,2020-04-27 21:00:00,237.9,238.5,237.87,239.8,0
238,2020-04-27 22:00:00,238.5,243.62,237.82,244.29,0
239,2020-04-27 23:00:00,243.56,242.75,241.9,244.22,1
240,2020-04-28 00:00:00,242.77,240.67,240.01,243.13,1
241,2020-04-28 01:00:00,240.77,238.32,237.88,241.0,0
242,2020-04-28 02:00:00,238.26,238.76,236.94,239.21,0
243,2020-04-28 03:00:00,238.77,239.64,238.2,240.0,1
244,2020-04-28 04:00:00,239.64,239.07,237.21,240.0,0
245,2020-04-28 05:00:00,239.02,239.19,238.28,239.79,0
246,2020-04-28 06:00:00,239.18,239.72,238.45,240.33,1
247,2020-04-28 07:00:00,239.75,239.6,238.83,240.24,0
248,2020-04-28 08:00:00,239.66,238.45,238.17,239.87,0
249,2020-04-28 09:00:00,238.35,241.67,238.35,241.94,0
250,2020-04-28 10:00:00,241.7,241.46,240.5,242.14,0
251,2020-04-28 11:00:00,241.52,240.64,240.35,241.84,0
252,2020-04-28 12:00:00,240.64,242.04,239.92,243.0,0
253,2020-04-28 13:00:00,242.09,240.61,240.56,242.53,0
254,2020-04-28 14:00:00,240.61,237.68,237.66,241.0,0
255,2020-04-28 15:00:00,237.66,239.11,237.4,239.85,0
256,2020-04-28 16:00:00,239.12,240.51,238.87,241.97,0
257,2020-04-28 17:00:00,240.47,240.23,239.24,240.6,0
258,2020-04-28 18:00:00,240.12,240.88,239.91,241.19,0
259,2020-04-28 19:00:00,240.91,239.29,239.0,241.37,0
260,2020-04-28 20:00:00,239.26,239.74,238.34,240.27,0
261,2020-04-28 21:00:00,239.73,239.72,238.9,239.84,0
262,2020-04-28 22:00:00,239.77,241.9,239.35,242.14,0
263,2020-04-28 23:00:00,241.93,241.14,241.14,242.77,0
264,2020-04-29 00:00:00,241.14,241.16,241.06,242.37,1
265,2020-04-29 01:00:00,241.13,242.78,241.03,243.0,0
266,2020-04-29 02:00:00,242.79,244.03,241.72,245.5,0
267,2020-04-29 03:00:00,244.17,243.65,242.34,244.88,1
268,2020-04-29 04:00:00,243.66,244.66,243.2,245.42,1
269,2020-04-29 05:00:00,244.66,244.57,244.06,245.23,1
270,2020-04-29 06:00:00,244.63,247.78,243.77,249.37,0
271,2020-04-29 07:00:00,247.85,246.87,245.86,248.46,1
272,2020-04-29 08:00:00,246.89,246.63,245.99,247.89,0
273,2020-04-29 09:00:00,246.66,247.77,246.27,248.12,1
274,2020-04-29 10:00:00,247.77,249.18,247.31,249.9,1
275,2020-04-29 11:00:00,249.18,251.87,249.18,254.75,0
276,2020-04-29 12:00:00,251.83,254.71,251.83,255.0,1
277,2020-04-29 13:00:00,254.76,251.49,250.21,255.77,1
278,2020-04-29 14:00:00,251.55,253.62,250.6,253.84,1
279,2020-04-29 15:00:00,253.61,253.67,251.68,254.55,1
280,2020-04-29 16:00:00,253.66,257.0,252.69,262.81,0
281,2020-04-29 17:00:00,257.04,257.07,256.5,261.76,0
282,2020-04-29 18:00:00,257.11,256.42,253.65,257.77,1
283,2020-04-29 19:00:00,256.43,258.66,256.36,260.0,1
284,2020-04-29 20:00:00,258.66,260.89,258.0,261.38,1
285,2020-04-29 21:00:00,260.98,258.87,257.46,261.09,1
286,2020-04-29 22:00:00,258.83,256.44,254.57,258.84,1
287,2020-04-29 23:00:00,256.39,257.77,256.01,257.89,1
288,2020-04-30 00:00:00,257.71,262.12,256.07,262.66,0
289,2020-04-30 01:00:00,262.17,267.88,261.6,269.74,0
290,2020-04-30 02:00:00,267.86,273.43,266.15,274.26,0
291,2020-04-30 03:00:00,273.49,275.13,270.23,275.57,0
292,2020-04-30 04:00:00,275.13,270.67,267.73,275.14,1
293,2020-04-30 05:00:00,270.67,273.0,270.47,273.84,0
294,2020-04-30 06:00:00,272.9,270.19,269.45,273.8,1
295,2020-04-30 07:00:00,270.32,267.71,263.54,270.9,0
296,2020-04-30 08:00:00,267.81,263.38,263.16,268.98,0
297,2020-04-30 09:00:00,263.35,250.21,250.2,263.46,0
298,2020-04-30 10:00:00,250.21,257.17,245.68,257.38,0
299,2020-04-30 11:00:00,257.24,254.63,254.2,258.0,0
300,2020-04-30 12:00:00,254.63,253.49,251.76,256.71,0
301,2020-04-30 13:00:00,253.49,255.22,251.73,255.44,0
302,2020-04-30 14:00:00,255.2,255.82,253.79,256.38,0
303,2020-04-30 15:00:00,255.82,252.8,250.95,256.91,0
304,2020-04-30 16:00:00,252.76,250.88,248.3,254.63,0
305,2020-04-30 17:00:00,250.94,247.68,245.01,251.01,0
306,2020-04-30 18:00:00,247.63,251.11,247.57,252.2,0
307,2020-04-30 19:00:00,251.12,253.51,250.99,255.47,0
308,2020-04-30 20:00:00,253.52,254.3,251.58,255.2,0
309,2020-04-30 21:00:00,254.14,251.84,251.62,255.01,0
310,2020-04-30 22:00:00,251.86,253.36,249.99,253.44,0
311,2020-04-30 23:00:00,253.32,250.05,249.07,253.73,0
312,2020-05-01 00:00:00,250.05,252.5,250.05,253.87,0
313,2020-05-01 01:00:00,252.5,251.62,251.06,253.35,0
314,2020-05-01 02:00:00,251.6,253.15,251.31,253.58,0
315,2020-05-01 03:00:00,253.11,252.39,251.27,253.6,0
316,2020-05-01 04:00:00,252.47,255.86,252.42,256.93,0
317,2020-05-01 05:00:00,255.84,256.75,255.05,258.23,0
318,2020-05-01 06:00:00,256.67,255.86,255.25,257.41,0
319,2020-05-01 07:00:00,255.88,255.94,254.39,256.99,0
320,2020-05-01 08:00:00,255.96,257.12,254.86,257.57,0
321,2020-05-01 09:00:00,257.12,257.26,255.67,257.66,0
322,2020-05-01 10:00:00,257.33,257.61,255.98,257.78,0
323,2020-05-01 11:00:00,257.55,258.99,256.36,260.22,0
324,2020-05-01 12:00:00,258.9,257.41,254.14,258.98,0
325,2020-05-01 13:00:00,257.42,254.6,254.6,258.37,0
326,2020-05-01 14:00:00,254.64,255.41,252.43,255.79,0
327,2020-05-01 15:00:00,255.49,252.61,252.32,256.18,0
328,2020-05-01 16:00:00,252.65,253.23,251.19,254.47,0
329,2020-05-01 17:00:00,253.15,253.35,252.11,254.05,0
330,2020-05-01 18:00:00,253.35,251.67,251.41,253.97,0
331,2020-05-01 19:00:00,251.68,251.55,250.96,252.49,0
332,2020-05-01 20:00:00,251.38,253.39,250.64,254.12,0
333,2020-05-01 21:00:00,253.46,254.42,252.91,255.0,0
334,2020-05-01 22:00:00,254.46,254.82,253.86,255.2,0
335,2020-05-01 23:00:00,254.85,254.79,254.16,256.0,0
336,2020-05-02 00:00:00,254.79,254.58,253.92,255.67,0
337,2020-05-02 01:00:00,254.58,254.15,253.57,254.84,0
338,2020-05-02 02:00:00,254.23,254.33,253.35,255.08,0
339,2020-05-02 03:00:00,254.29,254.97,253.87,255.77,0
340,2020-05-02 04:00:00,254.99,254.33,253.9,255.6,0
341,2020-05-02 05:00:00,254.28,253.63,253.06,254.28,0
342,2020-05-02 06:00:00,253.68,253.79,253.35,254.53,0
343,2020-05-02 07:00:00,253.79,252.99,252.2,253.79,0
344,2020-05-02 08:00:00,252.93,252.39,252.2,253.79,0
345,2020-05-02 09:00:00,252.42,253.72,252.42,253.87,0
346,2020-05-02 10:00:00,253.72,254.53,253.54,254.94,0
347,2020-05-02 11:00:00,254.61,254.11,254.08,255.58,0
348,2020-05-02 12:00:00,254.13,254.61,254.09,255.94,0
349,2020-05-02 13:00:00,254.58,256.81,254.42,256.96,0
350,2020-05-02 14:00:00,256.83,256.33,255.56,257.85,1
351,2020-05-02 15:00:00,256.3,255.7,254.35,257.22,1
352,2020-05-02 16:00:00,255.69,258.12,255.27,259.0,0
353,2020-05-02 17:00:00,258.18,258.97,257.59,259.0,1
354,2020-05-02 18:00:00,258.97,256.12,254.26,258.98,1
355,2020-05-02 19:00:00,256.11,258.21,255.02,258.36,1
356,2020-05-02 20:00:00,258.21,258.99,256.76,259.0,1
357,2020-05-02 21:00:00,258.96,259.8,258.4,259.91,1
358,2020-05-02 22:00:00,259.82,260.03,259.5,260.6,1
359,2020-05-02 23:00:00,260.02,260.84,259.89,261.0,1
360,2020-05-03 00:00:00,260.84,264.64,260.84,267.76,0
361,2020-05-03 01:00:00,264.64,262.56,260.79,265.5,1
362,2020-05-03 02:00:00,262.54,261.94,261.9,264.3,1
363,2020-05-03 03:00:00,261.94,264.3,261.94,264.9,1
364,2020-05-03 04:00:00,264.32,262.64,262.47,265.17,1
365,2020-05-03 05:00:00,262.61,261.26,260.03,262.88,1
366,2020-05-03 06:00:00,261.19,259.04,255.9,261.29,1
367,2020-05-03 07:00:00,259.04,259.17,258.37,260.71,0
368,2020-05-03 08:00:00,259.13,261.18,258.5,262.41,1
369,2020-05-03 09:00:00,261.1,262.44,260.9,263.45,1
370,2020-05-03 10:00:00,262.44,260.55,259.68,263.25,1
371,2020-05-03 11:00:00,260.46,260.5,259.92,262.03,1
372,2020-05-03 12:00:00,260.42,259.04,256.71,260.77,1
373,2020-05-03 13:00:00,259.04,257.45,255.79,259.3,0
374,2020-05-03 14:00:00,257.5,249.29,246.2,257.5,0
375,2020-05-03 15:00:00,249.28,249.58,245.7,251.52,0
376,2020-05-03 16:00:00,249.55,250.24,247.87,251.4,0
377,2020-05-03 17:00:00,250.23,249.36,247.61,251.81,0
378,2020-05-03 18:00:00,249.36,248.91,248.58,251.31,0
379,2020-05-03 19:00:00,248.9,249.98,248.74,250.39,0
380,2020-05-03 20:00:00,249.99,249.23,248.0,250.3,0
381,2020-05-03 21:00:00,249.23,250.91,248.59,252.17,0
382,2020-05-03 22:00:00,250.91,251.51,250.82,253.4,0
383,2020-05-03 23:00:00,251.51,251.65,250.42,252.24,1
384,2020-05-04 00:00:00,251.69,248.45,247.79,252.61,1
385,2020-05-04 01:00:00,248.43,241.5,239.85,249.78,0
386,2020-05-04 02:00:00,241.51,243.79,240.69,244.29,0
387,2020-05-04 03:00:00,243.83,243.86,242.94,244.76,0
388,2020-05-04 04:00:00,243.8,242.02,240.26,244.54,0
389,2020-05-04 05:00:00,241.94,239.09,236.0,242.69,0
390,2020-05-04 06:00:00,239.09,239.97,238.34,240.79,0
391,2020-05-04 07:00:00,239.96,241.09,238.25,241.51,0
392,2020-05-04 08:00:00,241.13,242.59,241.02,243.52,0
393,2020-05-04 09:00:00,242.62,239.39,239.0,242.71,0
394,2020-05-04 10:00:00,239.48,239.59,238.85,242.2,0
395,2020-05-04 11:00:00,239.55,240.89,239.09,241.86,1
396,2020-05-04 12:00:00,240.81,242.24,240.2,244.0,0
397,2020-05-04 13:00:00,242.26,246.9,242.19,247.86,0
398,2020-05-04 14:00:00,247.14,244.52,244.37,248.39,1
399,2020-05-04 15:00:00,244.55,246.44,244.53,246.55,1
400,2020-05-04 16:00:00,246.44,245.08,243.54,247.34,1
401,2020-05-04 17:00:00,245.08,243.72,242.3,245.77,0
402,2020-05-04 18:00:00,243.78,245.13,243.66,246.75,0
403,2020-05-04 19:00:00,245.13,244.38,243.43,245.85,0
404,2020-05-04 20:00:00,244.37,245.86,244.37,246.63,0
405,2020-05-04 21:00:00,245.84,248.0,245.54,248.11,0
406,2020-05-04 22:00:00,248.03,246.27,245.7,248.82,0
407,2020-05-04 23:00:00,246.29,245.75,244.44,247.15,0
408,2020-05-05 00:00:00,245.77,247.63,245.24,247.63,0
409,2020-05-05 01:00:00,247.63,247.18,245.78,247.9,0
410,2020-05-05 02:00:00,247.21,245.75,245.09,247.38,0
411,2020-05-05 03:00:00,245.69,245.92,244.63,246.63,0
412,2020-05-05 04:00:00,245.82,249.68,245.82,250.73,0
413,2020-05-05 05:00:00,249.67,248.21,248.21,252.0,0
414,2020-05-05 06:00:00,248.23,248.63,247.23,249.71,0
415,2020-05-05 07:00:00,248.63,247.9,247.65,249.48,0
416,2020-05-05 08:00:00,247.88,249.16,247.25,249.32,0
417,2020-05-05 09:00:00,249.23,248.64,247.66,252.28,0
418,2020-05-05 10:00:00,248.64,243.6,240.96,248.69,0
419,2020-05-05 11:00:00,243.59,243.64,243.07,244.79,0
420,2020-05-05 12:00:00,243.6,244.08,242.45,244.59,0
421,2020-05-05 13:00:00,243.98,246.3,243.12,247.35,0
422,2020-05-05 14:00:00,246.31,245.1,243.22,246.34,0
423,2020-05-05 15:00:00,245.11,244.56,243.46,246.02,0
424,2020-05-05 16:00:00,244.51,245.96,243.87,246.4,0
425,2020-05-05 17:00:00,245.93,246.14,245.3,247.87,1
426,2020-05-05 18:00:00,246.17,245.96,245.38,246.45,1
427,2020-05-05 19:00:00,245.96,245.01,244.18,246.53,1
428,2020-05-05 20:00:00,245.01,245.32,244.6,246.05,1
429,2020-05-05 21:00:00,245.27,245.77,245.27,246.91,1
430,2020-05-05 22:00:00,245.85,246.17,244.68,246.38,1
431,2020-05-05 23:00:00,246.11,246.9,245.6,247.32,1
432,2020-05-06 00:00:00,246.92,244.09,243.7,247.54,1
433,2020-05-06 01:00:00,244.06,245.65,243.74,246.2,1
434,2020-05-06 02:00:00,245.8,245.5,244.53,246.05,1
435,2020-05-06 03:00:00,245.5,246.27,245.48,248.73,1
436,2020-05-06 04:00:00,246.33,246.57,246.33,248.11,1
437,2020-05-06 05:00:00,246.63,247.0,246.54,247.91,1
438,2020-05-06 06:00:00,247.0,247.76,246.99,248.26,1
439,2020-05-06 07:00:00,247.8,247.52,246.56,248.77,1
440,2020-05-06 08:00:00,247.52,247.39,246.8,249.5,1
441,2020-05-06 09:00:00,247.35,248.69,247.23,248.95,1
442,2020-05-06 10:00:00,248.61,249.41,248.16,251.22,1
443,2020-05-06 11:00:00,249.39,252.46,249.35,253.91,1
444,2020-05-06 12:00:00,252.47,250.34,250.13,253.37,1
445,2020-05-06 13:00:00,250.35,249.23,248.0,251.3,1
446,2020-05-06 14:00:00,249.22,249.14,248.12,249.63,1
447,2020-05-06 15:00:00,249.16,249.32,248.85,250.33,1
448,2020-05-06 16:00:00,249.37,250.16,248.24,250.49,1
449,2020-05-06 17:00:00,250.12,248.95,248.13,250.28,1
450,2020-05-06 18:00:00,248.98,247.42,246.0,248.98,1
451,2020-05-06 19:00:00,247.45,246.37,245.61,248.33,0
452,2020-05-06 20:00:00,246.34,246.09,244.83,247.12,0
453,2020-05-06 21:00:00,246.12,247.73,245.64,247.98,0
454,2020-05-06 22:00:00,247.77,247.76,246.11,248.67,0
455,2020-05-06 23:00:00,247.77,241.32,239.95,248.0,0
456,2020-05-07 00:00:00,241.32,243.45,235.5,244.08,0
457,2020-05-07 01:00:00,243.4,242.55,242.07,243.77,0
458,2020-05-07 02:00:00,242.57,247.13,241.73,249.0,0
459,2020-05-07 03:00:00,247.25,245.69,244.98,247.58,0
460,2020-05-07 04:00:00,245.72,244.8,243.85,246.75,0
461,2020-05-07 05:00:00,244.79,244.15,243.98,245.52,0
462,2020-05-07 06:00:00,244.04,242.84,242.48,244.96,0
463,2020-05-07 07:00:00,242.83,244.25,242.48,244.69,0
464,2020-05-07 08:00:00,244.25,245.76,243.61,246.19,0
465,2020-05-07 09:00:00,245.74,244.68,243.21,245.74,1
466,2020-05-07 10:00:00,244.7,244.04,243.27,244.97,0
467,2020-05-07 11:00:00,243.99,243.24,242.75,244.18,0
468,2020-05-07 12:00:00,243.25,245.54,242.25,247.1,0
469,2020-05-07 13:00:00,245.57,245.84,244.39,247.9,0
470,2020-05-07 14:00:00,245.81,245.6,245.31,246.71,0
471,2020-05-07 15:00:00,245.59,244.74,242.45,246.4,0
472,2020-05-07 16:00:00,244.82,244.89,243.28,245.73,0
473,2020-05-07 17:00:00,244.88,247.37,242.55,247.39,0
474,2020-05-07 18:00:00,247.39,254.0,247.33,256.12,0
475,2020-05-07 19:00:00,254.0,253.23,251.39,256.62,1
476,2020-05-07 20:00:00,253.29,251.8,251.02,256.1,1
477,2020-05-07 21:00:00,251.79,251.74,249.92,252.32,1
478,2020-05-07 22:00:00,251.74,252.58,250.89,253.11,1
479,2020-05-07 23:00:00,252.58,251.9,251.17,253.72,1
480,2020-05-08 00:00:00,251.94,257.4,251.8,258.0,0
481,2020-05-08 01:00:00,257.27,255.19,254.42,257.61,1
482,2020-05-08 02:00:00,255.18,253.09,252.5,255.67,1
483,2020-05-08 03:00:00,253.07,254.86,252.0,256.18,0
484,2020-05-08 04:00:00,254.84,254.29,253.57,254.9,0
485,2020-05-08 05:00:00,254.29,252.64,251.44,254.4,0
486,2020-05-08 06:00:00,252.53,250.38,247.85,252.53,0
487,2020-05-08 07:00:00,250.35,250.99,249.42,251.98,0
488,2020-05-08 08:00:00,250.96,252.62,250.38,253.11,0
489,2020-05-08 09:00:00,252.49,252.02,251.55,252.93,0
490,2020-05-08 10:00:00,251.98,254.0,251.68,254.4,0
491,2020-05-08 11:00:00,253.97,253.17,252.68,253.99,0
492,2020-05-08 12:00:00,253.17,251.5,251.17,253.17,0
493,2020-05-08 13:00:00,251.41,252.65,251.18,252.93,0
494,2020-05-08 14:00:00,252.6,253.29,252.03,254.32,0
495,2020-05-08 15:00:00,253.26,254.9,253.01,255.2,0
496,2020-05-08 16:00:00,254.95,263.7,254.39,264.0,0
497,2020-05-08 17:00:00,263.64,262.59,261.0,265.07,0
498,2020-05-08 18:00:00,262.59,261.7,261.33,263.63,0
499,2020-05-08 19:00:00,261.72,261.82,260.85,262.83,0
500,2020-05-08 20:00:00,261.83,263.97,260.97,264.09,0
501,2020-05-08 21:00:00,263.97,264.09,263.0,264.22,1
502,2020-05-08 22:00:00,264.09,261.39,261.23,265.83,1
503,2020-05-08 23:00:00,261.32,260.3,258.78,263.94,0
504,2020-05-09 00:00:00,260.16,265.42,258.51,265.98,0
505,2020-05-09 01:00:00,265.43,269.1,263.2,272.62,0
506,2020-05-09 02:00:00,269.16,268.0,267.05,271.19,0
507,2020-05-09 03:00:00,268.0,270.43,267.4,270.69,0
508,2020-05-09 04:00:00,270.39,267.76,266.36,271.0,1
509,2020-05-09 05:00:00,267.75,275.17,266.74,275.23,0
510,2020-05-09 06:00:00,275.17,270.11,268.42,277.46,0
511,2020-05-09 07:00:00,270.05,267.0,266.56,272.24,0
512,2020-05-09 08:00:00,267.0,270.08,266.75,270.58,0
513,2020-05-09 09:00:00,270.15,270.02,267.58,271.54,0
514,2020-05-09 10:00:00,269.99,268.38,265.5,270.73,0
515,2020-05-09 11:00:00,268.31,266.74,261.19,269.0,0
516,2020-05-09 12:00:00,266.66,267.76,265.12,268.79,0
517,2020-05-09 13:00:00,267.7,269.6,266.65,270.24,0
518,2020-05-09 14:00:00,269.53,269.75,267.73,269.92,0
519,2020-05-09 15:00:00,269.74,272.3,267.45,273.09,0
520,2020-05-09 16:00:00,272.31,270.65,269.63,277.27,0
521,2020-05-09 17:00:00,270.76,270.54,268.27,272.03,0
522,2020-05-09 18:00:00,270.53,267.91,266.72,270.9,0
523,2020-05-09 19:00:00,267.99,268.26,267.0,268.99,0
524,2020-05-09 20:00:00,268.28,267.11,266.74,269.92,0
525,2020-05-09 21:00:00,267.11,265.46,265.13,267.28,0
526,2020-05-09 22:00:00,265.34,265.02,263.15,266.72,0
527,2020-05-09 23:00:00,265.01,265.24,264.29,267.35,0
528,2020-05-10 00:00:00,265.26,232.92,221.33,265.72,0
529,2020-05-10 01:00:00,232.99,235.3,229.3,237.03,0
530,2020-05-10 02:00:00,235.23,233.51,232.35,236.41,0
531,2020-05-10 03:00:00,233.5,233.75,228.01,235.4,0
532,2020-05-10 04:00:00,233.81,233.61,231.99,234.97,0
533,2020-05-10 05:00:00,233.66,234.31,232.54,234.62,0
534,2020-05-10 06:00:00,234.37,233.99,233.25,234.62,0
535,2020-05-10 07:00:00,233.96,236.95,233.39,237.5,0
536,2020-05-10 08:00:00,236.93,237.78,236.2,239.39,0
537,2020-05-10 09:00:00,237.8,236.39,236.17,238.8,0
538,2020-05-10 10:00:00,236.44,237.75,235.15,238.39,0
539,2020-05-10 11:00:00,237.76,236.91,235.03,237.76,0
540,2020-05-10 12:00:00,236.92,236.18,235.63,236.92,0
541,2020-05-10 13:00:00,236.16,236.42,235.59,236.97,0
542,2020-05-10 14:00:00,236.38,232.65,231.0,236.77,0
543,2020-05-10 15:00:00,232.71,232.83,231.0,235.0,0
544,2020-05-10 16:00:00,232.8,224.1,223.25,234.84,0
545,2020-05-10 17:00:00,224.1,229.18,223.98,230.0,0
546,2020-05-10 18:00:00,229.18,229.67,228.12,230.94,0
547,2020-05-10 19:00:00,229.79,230.62,229.13,232.18,0
548,2020-05-10 20:00:00,230.67,234.4,230.67,238.64,0
549,2020-05-10 21:00:00,234.49,233.59,228.27,235.75,0
550,2020-05-10 22:00:00,233.6,233.43,232.38,234.68,0
551,2020-05-10 23:00:00,233.38,232.56,230.2,235.15,0
552,2020-05-11 00:00:00,232.68,235.74,232.58,237.59,0
553,2020-05-11 01:00:00,235.72,234.4,233.89,235.92,0
554,2020-05-11 02:00:00,234.47,234.75,233.24,235.24,0
555,2020-05-11 03:00:00,234.71,233.15,232.2,235.33,0
556,2020-05-11 04:00:00,233.16,231.16,230.84,233.76,0
557,2020-05-11 05:00:00,231.19,232.23,230.77,232.84,0
558,2020-05-11 06:00:00,232.18,231.59,231.43,233.0,0
559,2020-05-11 07:00:00,231.56,230.61,227.68,232.36,0
560,2020-05-11 08:00:00,230.61,230.11,226.91,231.28,0
561,2020-05-11 09:00:00,229.98,229.23,228.11,230.21,0
562,2020-05-11 10:00:00,229.16,234.19,229.12,235.84,0
563,2020-05-11 11:00:00,234.23,234.24,232.88,236.77,0
564,2020-05-11 12:00:00,234.17,229.88,229.88,238.0,0
565,2020-05-11 13:00:00,229.9,230.97,229.34,232.85,0
566,2020-05-11 14:00:00,231.05,231.16,229.95,232.57,0
567,2020-05-11 15:00:00,231.23,232.45,230.12,234.12,0
568,2020-05-11 16:00:00,232.45,226.13,222.82,233.99,0
569,2020-05-11 17:00:00,226.17,225.41,223.52,229.07,0
570,2020-05-11 18:00:00,225.36,223.46,216.52,225.75,0
571,2020-05-11 19:00:00,223.4,233.19,220.0,234.69,0
572,2020-05-11 20:00:00,233.28,231.02,228.63,234.0,0
573,2020-05-11 21:00:00,231.06,230.64,228.15,233.86,0
574,2020-05-11 22:00:00,230.64,231.16,229.54,232.08,0
575,2020-05-11 23:00:00,231.16,235.16,230.16,236.96,0
576,2020-05-12 00:00:00,235.17,235.11,233.0,239.4,0
577,2020-05-12 01:00:00,235.03,233.91,232.08,235.49,0
578,2020-05-12 02:00:00,234.01,234.42,233.22,236.32,0
579,2020-05-12 03:00:00,234.39,234.59,233.2,235.84,1
580,2020-05-12 04:00:00,234.58,234.46,233.32,235.6,1
581,2020-05-12 05:00:00,234.52,235.15,234.52,237.29,0
582,2020-05-12 06:00:00,235.16,235.31,234.29,236.8,1
583,2020-05-12 07:00:00,235.3,234.05,232.76,235.68,1
584,2020-05-12 08:00:00,234.05,235.64,233.31,235.64,0
585,2020-05-12 09:00:00,235.62,235.35,234.26,237.45,0
586,2020-05-12 10:00:00,235.36,236.29,234.02,237.68,0
587,2020-05-12 11:00:00,236.29,236.52,235.43,236.78,1
588,2020-05-12 12:00:00,236.54,235.76,235.0,236.79,0
589,2020-05-12 13:00:00,235.73,234.63,231.87,235.97,0
590,2020-05-12 14:00:00,234.63,235.27,234.6,237.0,0
591,2020-05-12 15:00:00,235.28,234.74,233.88,235.86,0
592,2020-05-12 16:00:00,234.76,234.6,233.7,235.63,0
593,2020-05-12 17:00:00,234.58,234.37,232.65,235.67,0
594,2020-05-12 18:00:00,234.37,233.95,233.39,234.52,0
595,2020-05-12 19:00:00,234.13,233.51,233.0,236.0,0
596,2020-05-12 20:00:00,233.6,233.46,232.59,234.09,0
597,2020-05-12 20:00:00,233.6,233.46,232.59,234.09,0
598,2020-05-12 21:00:00,233.48,231.64,228.42,234.03,0
599,2020-05-12 22:00:00,231.65,232.56,228.52,232.74,0
600,2020-05-12 23:00:00,232.6,233.23,232.25,233.95,0
601,2020-05-13 00:00:00,233.25,234.8,231.9,235.13,0
602,2020-05-13 01:00:00,234.84,234.63,233.76,235.15,0
603,2020-05-13 02:00:00,234.68,235.2,233.65,235.48,0
604,2020-05-13 03:00:00,235.23,234.49,234.31,235.85,0
605,2020-05-13 04:00:00,234.55,234.27,233.23,234.78,0
606,2020-05-13 05:00:00,234.24,233.26,233.23,234.4,0
607,2020-05-13 06:00:00,233.24,234.28,233.0,234.28,0
608,2020-05-13 07:00:00,234.27,232.93,232.89,234.33,0
609,2020-05-13 08:00:00,232.89,233.49,231.74,233.69,0
610,2020-05-13 09:00:00,233.41,233.83,233.33,234.18,0
611,2020-05-13 10:00:00,233.89,234.17,233.14,234.65,0
612,2020-05-13 11:00:00,234.19,235.43,234.0,235.72,0
613,2020-05-13 12:00:00,235.38,236.33,234.86,237.0,0
614,2020-05-13 13:00:00,236.36,235.98,235.4,236.86,0
615,2020-05-13 14:00:00,236.04,236.23,235.25,237.79,0
616,2020-05-13 15:00:00,236.32,237.91,235.97,238.19,1
617,2020-05-13 16:00:00,237.88,236.52,235.62,241.23,0
618,2020-05-13 17:00:00,236.56,236.71,235.4,236.8,1
619,2020-05-13 18:00:00,236.71,236.06,235.88,237.0,0
620,2020-05-13 19:00:00,236.01,236.83,235.85,237.14,0
621,2020-05-13 20:00:00,236.83,237.71,236.24,239.0,1
622,2020-05-13 21:00:00,237.75,241.15,237.75,242.0,1
623,2020-05-13 22:00:00,241.14,239.48,238.11,241.68,0
624,2020-05-13 23:00:00,239.36,239.41,238.22,240.2,1
625,2020-05-14 00:00:00,239.34,237.89,237.74,240.87,0
626,2020-05-14 01:00:00,237.88,237.14,236.89,238.96,0
627,2020-05-14 02:00:00,237.08,238.36,236.75,238.45,0
628,2020-05-14 03:00:00,238.35,238.42,237.61,238.68,0
629,2020-05-14 04:00:00,238.48,237.3,237.15,238.48,0
630,2020-05-14 05:00:00,237.28,237.72,233.83,238.32,0
631,2020-05-14 06:00:00,237.82,237.98,237.08,238.7,0
632,2020-05-14 07:00:00,237.98,239.75,237.59,243.61,0
633,2020-05-14 08:00:00,239.75,240.04,235.29,241.0,0
634,2020-05-14 09:00:00,240.04,244.22,240.0,244.8,0
635,2020-05-14 10:00:00,244.22,241.99,240.8,245.62,1
636,2020-05-14 11:00:00,241.9,242.88,241.9,245.11,0
637,2020-05-14 12:00:00,242.84,240.96,240.82,243.77,1
638,2020-05-14 13:00:00,240.96,241.26,239.98,241.83,1
639,2020-05-14 14:00:00,241.21,241.41,240.66,242.45,1
640,2020-05-14 15:00:00,241.5,242.47,240.52,242.5,1
641,2020-05-14 16:00:00,242.4,239.31,238.0,242.88,1
642,2020-05-14 17:00:00,239.25,237.96,236.0,239.25,0
643,2020-05-14 18:00:00,237.88,240.79,237.15,241.55,0
644,2020-05-14 19:00:00,240.7,242.27,240.4,242.97,0
645,2020-05-14 20:00:00,242.3,241.27,240.71,243.81,0
646,2020-05-14 21:00:00,241.26,241.62,240.8,242.07,0
647,2020-05-14 22:00:00,241.6,243.03,241.6,245.82,0
648,2020-05-14 23:00:00,243.15,242.61,241.8,243.55,0
649,2020-05-15 00:00:00,242.51,241.97,241.01,243.39,0
650,2020-05-15 01:00:00,241.87,241.54,241.39,242.53,0
651,2020-05-15 02:00:00,241.54,237.7,235.05,241.54,0
652,2020-05-15 03:00:00,237.78,238.23,237.08,239.7,0
653,2020-05-15 04:00:00,238.23,236.57,235.78,238.51,0
654,2020-05-15 05:00:00,236.51,238.18,236.22,238.21,0
655,2020-05-15 06:00:00,238.1,238.46,237.52,239.03,0
656,2020-05-15 07:00:00,238.52,239.91,238.17,240.88,0
657,2020-05-15 08:00:00,239.84,238.86,238.75,240.03,0
658,2020-05-15 09:00:00,238.86,238.3,237.81,239.0,0
659,2020-05-15 10:00:00,238.36,239.21,237.31,239.57,0
660,2020-05-15 11:00:00,239.3,240.21,238.99,242.5,1
661,2020-05-15 12:00:00,240.13,238.97,238.38,240.38,1
662,2020-05-15 13:00:00,238.84,239.1,238.15,240.69,1
663,2020-05-15 14:00:00,239.25,239.19,239.02,240.22,1
664,2020-05-15 15:00:00,239.21,238.03,236.17,239.21,0
665,2020-05-15 16:00:00,238.0,236.92,236.44,238.5,0
666,2020-05-15 17:00:00,236.9,238.34,236.66,239.31,0
667,2020-05-15 18:00:00,238.47,237.24,237.12,239.24,0
668,2020-05-15 19:00:00,237.25,235.74,234.74,237.73,0
669,2020-05-15 20:00:00,235.74,233.42,230.93,236.24,0
670,2020-05-15 21:00:00,233.41,236.22,233.29,236.74,0
671,2020-05-15 22:00:00,236.22,236.7,235.71,237.76,0
672,2020-05-15 23:00:00,236.67,235.21,233.73,237.24,0
673,2020-05-16 00:00:00,235.11,236.51,233.64,237.07,0
674,2020-05-16 01:00:00,236.47,237.49,235.7,238.87,0
675,2020-05-16 02:00:00,237.51,238.39,237.22,239.15,1
676,2020-05-16 03:00:00,238.47,237.89,237.28,239.11,1
677,2020-05-16 04:00:00,237.89,239.83,237.82,240.0,1
678,2020-05-16 05:00:00,239.79,238.13,238.13,240.9,1
679,2020-05-16 06:00:00,238.13,238.12,237.37,238.84,1
680,2020-05-16 07:00:00,238.25,236.47,236.3,239.35,1
681,2020-05-16 08:00:00,236.53,237.85,236.07,238.24,0
682,2020-05-16 09:00:00,237.83,237.63,236.16,238.18,0
683,2020-05-16 10:00:00,237.64,238.38,236.67,238.89,0
684,2020-05-16 11:00:00,238.42,237.67,237.21,238.73,0
685,2020-05-16 12:00:00,237.65,238.91,237.59,240.1,0
686,2020-05-16 13:00:00,238.91,238.26,237.77,239.71,0
687,2020-05-16 14:00:00,238.32,237.4,236.01,238.97,0
688,2020-05-16 15:00:00,237.35,236.92,236.05,237.89,0
689,2020-05-16 16:00:00,236.95,237.42,235.37,237.64,0
690,2020-05-16 17:00:00,237.38,235.19,234.2,237.75,0
691,2020-05-16 18:00:00,235.14,235.65,234.02,236.0,0
692,2020-05-16 19:00:00,235.56,236.52,234.72,237.06,0
693,2020-05-16 20:00:00,236.52,236.18,235.87,237.13,0
694,2020-05-16 21:00:00,236.22,237.0,236.22,237.57,0
695,2020-05-16 22:00:00,237.0,237.49,236.37,238.29,0
696,2020-05-16 23:00:00,237.52,236.45,236.42,237.65,1
697,2020-05-17 00:00:00,236.45,238.17,235.61,238.38,1
698,2020-05-17 01:00:00,238.18,237.71,237.27,238.42,1
699,2020-05-17 02:00:00,237.73,238.01,237.5,238.9,1
700,2020-05-17 03:00:00,238.01,238.28,237.9,239.0,1
701,2020-05-17 04:00:00,238.35,237.35,237.12,238.75,1
702,2020-05-17 05:00:00,237.36,237.6,237.07,238.07,1
703,2020-05-17 06:00:00,237.6,238.76,237.48,238.97,1
704,2020-05-17 07:00:00,238.75,238.69,238.02,239.5,1
705,2020-05-17 08:00:00,238.67,237.4,237.27,239.2,1
706,2020-05-17 09:00:00,237.34,238.06,237.12,238.97,1
707,2020-05-17 10:00:00,238.06,238.7,238.06,238.91,1
708,2020-05-17 11:00:00,238.7,238.41,237.84,239.0,1
709,2020-05-17 12:00:00,238.36,241.7,238.36,242.0,1
710,2020-05-17 13:00:00,241.7,241.57,241.08,242.3,1
711,2020-05-17 14:00:00,241.53,242.88,241.1,243.5,1
712,2020-05-17 15:00:00,242.9,244.46,242.69,247.43,1
713,2020-05-17 16:00:00,244.46,243.06,242.4,245.18,1
714,2020-05-17 17:00:00,243.0,243.25,242.63,244.0,1
715,2020-05-17 18:00:00,243.24,242.98,242.14,243.61,1
716,2020-05-17 19:00:00,242.95,243.2,242.47,243.43,1
717,2020-05-17 20:00:00,243.12,242.78,242.12,243.12,1
718,2020-05-17 21:00:00,242.79,243.25,242.79,243.92,1
719,2020-05-17 22:00:00,243.26,242.03,240.83,243.26,1
720,2020-05-17 23:00:00,242.02,240.73,239.37,242.44,0
721,2020-05-18 00:00:00,240.74,242.76,240.25,243.0,0
722,2020-05-18 01:00:00,242.75,248.19,242.35,248.79,0
723,2020-05-18 02:00:00,248.19,253.09,248.16,255.75,0
724,2020-05-18 03:00:00,252.94,252.11,251.05,254.67,0
725,2020-05-18 04:00:00,252.14,252.75,251.54,253.87,1
726,2020-05-18 05:00:00,252.73,251.91,251.91,254.03,1
727,2020-05-18 06:00:00,251.91,249.96,248.2,252.43,1
728,2020-05-18 07:00:00,249.99,249.73,249.0,250.6,0
729,2020-05-18 08:00:00,249.73,246.78,244.36,250.66,0
730,2020-05-18 09:00:00,246.77,246.25,245.0,247.8,0
731,2020-05-18 10:00:00,246.21,246.95,245.74,247.63,0
732,2020-05-18 11:00:00,246.99,247.33,246.0,248.1,0
733,2020-05-18 12:00:00,247.33,246.48,245.0,247.48,0
734,2020-05-18 13:00:00,246.53,246.97,246.14,247.98,0
735,2020-05-18 14:00:00,246.91,247.15,246.08,248.49,0
736,2020-05-18 15:00:00,247.03,245.25,243.08,247.25,0
737,2020-05-18 16:00:00,245.22,245.71,242.51,246.82,0
738,2020-05-18 17:00:00,245.76,245.17,243.8,246.9,0
739,2020-05-18 18:00:00,245.24,245.07,244.87,246.18,0
740,2020-05-18 19:00:00,245.09,246.21,244.62,247.08,0
741,2020-05-18 20:00:00,246.21,245.75,245.12,246.61,0
742,2020-05-18 21:00:00,245.73,245.7,245.28,246.15,0
743,2020-05-18 22:00:00,245.7,247.36,245.37,247.73,0
744,2020-05-18 23:00:00,247.36,248.5,246.93,248.82,0
745,2020-05-19 00:00:00,248.49,245.6,244.25,248.63,0
746,2020-05-19 01:00:00,245.6,245.44,245.24,246.42,0
747,2020-05-19 02:00:00,245.44,245.17,242.36,245.71,0
748,2020-05-19 03:00:00,245.27,243.68,242.69,245.63,0
749,2020-05-19 04:00:00,243.6,245.32,243.29,245.87,0
750,2020-05-19 05:00:00,245.32,246.48,244.78,246.92,0
751,2020-05-19 06:00:00,246.5,246.49,246.24,247.39,0
752,2020-05-19 07:00:00,246.47,245.29,245.0,247.08,0
753,2020-05-19 08:00:00,245.33,249.23,245.32,250.09,0
754,2020-05-19 09:00:00,249.2,249.5,248.34,250.94,0
755,2020-05-19 10:00:00,249.52,248.95,248.58,249.86,0
756,2020-05-19 11:00:00,248.99,248.24,247.4,250.56,0
757,2020-05-19 12:00:00,248.25,245.94,245.12,248.5,0
758,2020-05-19 13:00:00,245.83,244.37,243.65,246.75,0
759,2020-05-19 14:00:00,244.29,245.52,244.27,246.06,0
760,2020-05-19 15:00:00,245.52,245.82,244.42,246.2,0
761,2020-05-19 16:00:00,245.89,245.94,245.32,247.09,0
762,2020-05-19 17:00:00,245.94,245.65,245.02,246.55,0
763,2020-05-19 18:00:00,245.71,245.93,245.3,246.47,0
764,2020-05-19 19:00:00,245.93,244.93,244.61,246.89,0
765,2020-05-19 20:00:00,244.92,245.57,243.8,245.77,0
766,2020-05-19 21:00:00,245.59,245.31,244.54,246.05,0
767,2020-05-19 22:00:00,245.33,246.35,244.73,247.01,0
768,2020-05-19 23:00:00,246.29,246.74,245.36,247.13,1
769,2020-05-20 00:00:00,246.83,246.37,246.06,247.66,1
770,2020-05-20 01:00:00,246.3,246.16,245.87,246.87,0
771,2020-05-20 02:00:00,246.16,246.21,245.5,246.48,0
772,2020-05-20 03:00:00,246.14,246.07,245.22,247.58,0
773,2020-05-20 04:00:00,246.05,246.33,245.51,246.84,0
774,2020-05-20 05:00:00,246.33,246.45,245.66,246.79,1
775,2020-05-20 06:00:00,246.5,245.61,244.0,247.43,0
776,2020-05-20 07:00:00,245.6,246.18,245.23,246.85,1
777,2020-05-20 08:00:00,246.09,246.78,245.63,247.4,1
778,2020-05-20 09:00:00,246.78,246.7,246.15,247.38,0
779,2020-05-20 10:00:00,246.71,246.37,245.5,247.17,0
780,2020-05-20 11:00:00,246.41,245.71,245.45,246.46,1
781,2020-05-20 12:00:00,245.71,246.9,245.5,247.19,0
782,2020-05-20 13:00:00,246.9,247.4,246.43,247.4,1
783,2020-05-20 14:00:00,247.4,246.4,246.31,247.44,1
784,2020-05-20 15:00:00,246.3,237.82,235.0,246.31,0
785,2020-05-20 16:00:00,237.8,238.66,235.15,239.6,0
786,2020-05-20 17:00:00,238.74,239.61,237.85,239.75,0
787,2020-05-20 18:00:00,239.58,239.53,238.65,240.15,0
788,2020-05-20 19:00:00,239.53,239.55,238.13,239.68,0
789,2020-05-20 20:00:00,239.52,240.43,238.85,240.65,1
790,2020-05-20 21:00:00,240.36,240.15,239.79,240.84,1
791,2020-05-20 22:00:00,240.15,240.15,239.09,240.47,1
792,2020-05-20 23:00:00,240.15,239.85,238.62,240.25,0
793,2020-05-21 00:00:00,239.79,242.64,238.97,243.0,0
794,2020-05-21 01:00:00,242.63,240.91,240.4,242.98,1
795,2020-05-21 02:00:00,240.9,240.42,240.0,241.48,0
796,2020-05-21 03:00:00,240.39,240.26,239.81,241.22,0
797,2020-05-21 04:00:00,240.2,239.72,238.42,240.64,0
798,2020-05-21 05:00:00,239.75,240.42,239.69,240.94,0
799,2020-05-21 06:00:00,240.4,238.08,238.05,240.59,0
800,2020-05-21 07:00:00,238.08,238.35,238.0,239.24,0
801,2020-05-21 08:00:00,238.3,236.71,232.43,240.23,0
802,2020-05-21 09:00:00,236.63,236.02,235.87,237.99,0
803,2020-05-21 10:00:00,236.0,237.4,234.72,237.78,0
804,2020-05-21 11:00:00,237.43,237.66,236.52,237.89,0
805,2020-05-21 12:00:00,237.76,237.16,236.51,238.1,0
806,2020-05-21 13:00:00,237.16,234.97,234.34,237.83,0
807,2020-05-21 14:00:00,234.97,227.72,223.23,235.44,0
808,2020-05-21 15:00:00,227.71,226.69,226.28,229.31,0
809,2020-05-21 16:00:00,226.74,227.16,226.0,228.14,0
810,2020-05-21 17:00:00,227.16,226.25,225.72,227.99,0
811,2020-05-21 18:00:00,226.07,221.53,221.35,226.09,0
812,2020-05-21 19:00:00,221.63,227.63,220.65,228.03,0
813,2020-05-21 20:00:00,227.63,228.18,226.55,228.41,0
814,2020-05-21 21:00:00,228.17,228.38,228.0,229.2,0
815,2020-05-21 22:00:00,228.39,230.1,228.38,230.37,0
816,2020-05-21 23:00:00,230.09,228.22,227.61,230.29,0
817,2020-05-22 00:00:00,228.17,226.83,225.0,228.17,0
818,2020-05-22 01:00:00,226.74,227.45,226.58,228.69,0
819,2020-05-22 02:00:00,227.5,226.6,226.6,228.04,0
820,2020-05-22 03:00:00,226.63,225.4,225.21,227.37,0
821,2020-05-22 04:00:00,225.45,226.22,225.42,227.46,0
822,2020-05-22 05:00:00,226.25,227.06,225.94,227.49,0
823,2020-05-22 06:00:00,227.12,231.02,227.07,232.43,0
824,2020-05-22 07:00:00,231.1,230.86,230.26,232.48,0
825,2020-05-22 08:00:00,230.87,231.36,230.29,231.71,0
826,2020-05-22 09:00:00,231.36,233.64,230.88,233.66,0
827,2020-05-22 10:00:00,233.66,233.67,233.05,234.55,0
828,2020-05-22 11:00:00,233.65,233.99,232.93,234.5,0
829,2020-05-22 12:00:00,233.99,233.85,233.55,234.98,1
830,2020-05-22 13:00:00,233.79,232.08,231.28,234.18,1
831,2020-05-22 14:00:00,232.11,233.14,231.89,234.14,0
832,2020-05-22 15:00:00,233.14,234.3,233.05,234.4,0
833,2020-05-22 16:00:00,234.3,235.27,233.58,236.04,0
834,2020-05-22 17:00:00,235.36,234.35,234.1,235.49,1
835,2020-05-22 18:00:00,234.42,234.39,233.72,235.24,0
836,2020-05-22 19:00:00,234.32,234.05,232.87,235.39,0
837,2020-05-22 20:00:00,233.99,235.2,232.94,236.69,0
838,2020-05-22 21:00:00,235.25,235.91,234.72,236.3,0
839,2020-05-22 22:00:00,235.93,235.85,234.92,236.33,0
840,2020-05-22 23:00:00,235.86,234.67,234.0,235.9,0
841,2020-05-23 00:00:00,234.67,236.28,234.67,237.79,0
842,2020-05-23 01:00:00,236.26,235.81,235.24,237.17,0
843,2020-05-23 02:00:00,235.78,237.32,235.46,238.16,0
844,2020-05-23 03:00:00,237.36,236.7,236.22,238.04,0
845,2020-05-23 04:00:00,236.7,236.8,235.33,240.0,0
846,2020-05-23 05:00:00,236.76,236.22,234.47,238.21,0
847,2020-05-23 06:00:00,236.2,235.02,233.55,236.21,0
848,2020-05-23 07:00:00,235.03,235.4,234.3,235.91,0
849,2020-05-23 08:00:00,235.4,234.18,233.51,235.4,0
850,2020-05-23 09:00:00,234.17,233.54,233.14,235.4,0
851,2020-05-23 10:00:00,233.56,233.4,232.85,233.82,0
852,2020-05-23 11:00:00,233.36,234.07,233.28,234.7,0
853,2020-05-23 12:00:00,234.07,233.07,231.96,234.32,0
854,2020-05-23 13:00:00,233.07,233.12,232.69,233.98,0
855,2020-05-23 14:00:00,233.15,235.19,233.0,235.61,0
856,2020-05-23 15:00:00,235.2,235.06,234.24,235.48,0
857,2020-05-23 16:00:00,235.0,233.89,232.69,235.43,0
858,2020-05-23 17:00:00,233.91,234.64,233.91,235.01,0
859,2020-05-23 18:00:00,234.73,234.38,234.12,235.45,0
860,2020-05-23 19:00:00,234.37,234.67,233.32,234.97,0
861,2020-05-23 20:00:00,234.67,235.54,234.41,235.9,0
862,2020-05-23 21:00:00,235.55,235.31,235.1,235.71,0
863,2020-05-23 22:00:00,235.32,235.35,235.0,235.74,0
864,2020-05-23 23:00:00,235.4,234.11,234.0,235.72,0
865,2020-05-24 00:00:00,234.12,235.19,233.31,235.54,0
866,2020-05-24 01:00:00,235.19,235.61,234.8,236.55,0
867,2020-05-24 02:00:00,235.61,236.24,235.61,237.15,1
868,2020-05-24 03:00:00,236.29,235.91,235.16,236.73,0
869,2020-05-24 04:00:00,235.92,235.6,235.53,236.61,0
870,2020-05-24 05:00:00,235.62,236.34,235.4,236.67,0
871,2020-05-24 06:00:00,236.4,236.81,236.33,237.2,0
872,2020-05-24 07:00:00,236.81,236.16,235.79,237.48,1
873,2020-05-24 08:00:00,236.2,236.34,235.9,236.58,1
874,2020-05-24 09:00:00,236.36,236.26,236.0,237.13,1
875,2020-05-24 10:00:00,236.3,235.75,235.48,236.68,0
876,2020-05-24 11:00:00,235.68,232.97,232.84,235.71,0
877,2020-05-24 12:00:00,232.91,233.73,232.5,234.04,0
878,2020-05-24 13:00:00,233.73,231.18,230.22,233.88,0
879,2020-05-24 14:00:00,231.03,229.29,228.28,231.03,0
880,2020-05-24 15:00:00,229.29,228.7,227.78,229.76,0
881,2020-05-24 16:00:00,228.7,227.59,225.56,228.74,0
882,2020-05-24 17:00:00,227.56,227.56,226.87,228.7,0
883,2020-05-24 18:00:00,227.59,227.07,226.73,228.07,0
884,2020-05-24 19:00:00,227.03,229.58,226.66,230.0,0
885,2020-05-24 20:00:00,229.48,229.08,228.81,230.15,0
886,2020-05-24 21:00:00,229.08,229.82,229.04,230.85,0
887,2020-05-24 22:00:00,229.84,229.75,229.03,230.03,0
888,2020-05-24 23:00:00,229.8,223.0,222.41,230.0,0
889,2020-05-25 00:00:00,222.91,226.22,220.96,227.58,0
890,2020-05-25 01:00:00,226.22,226.65,224.94,226.7,0
891,2020-05-25 02:00:00,226.61,226.88,225.82,227.48,0
892,2020-05-25 03:00:00,226.88,226.5,225.51,227.07,0
893,2020-05-25 04:00:00,226.51,227.45,226.5,227.75,0
894,2020-05-25 05:00:00,227.44,226.78,226.22,227.72,0
895,2020-05-25 06:00:00,226.78,227.25,226.08,228.47,0
896,2020-05-25 07:00:00,227.19,229.13,227.05,230.2,0
897,2020-05-25 08:00:00,229.08,228.09,228.05,229.68,1
898,2020-05-25 09:00:00,228.07,228.28,227.53,232.0,1
899,2020-05-25 10:00:00,228.24,227.29,227.13,230.24,0
900,2020-05-25 11:00:00,227.23,228.78,226.75,229.13,0
901,2020-05-25 12:00:00,228.89,229.35,228.86,230.88,0
902,2020-05-25 13:00:00,229.35,229.84,227.64,230.18,1
903,2020-05-25 14:00:00,229.8,228.17,228.12,230.6,1
904,2020-05-25 15:00:00,228.14,229.13,228.1,229.81,1
905,2020-05-25 16:00:00,229.2,230.52,228.84,231.0,1
906,2020-05-25 17:00:00,230.52,231.61,230.25,233.28,1
907,2020-05-25 18:00:00,231.61,231.21,230.85,232.17,1
908,2020-05-25 19:00:00,231.2,231.56,231.0,232.59,1
909,2020-05-25 20:00:00,231.56,231.1,231.02,231.88,1
910,2020-05-25 21:00:00,231.18,230.81,229.92,231.55,1
911,2020-05-25 22:00:00,230.83,230.39,229.86,231.27,0
912,2020-05-25 23:00:00,230.39,230.55,230.29,231.42,0
913,2020-05-26 00:00:00,230.56,228.98,227.44,231.27,0
914,2020-05-26 01:00:00,229.03,229.7,229.03,230.15,0
915,2020-05-26 02:00:00,229.7,229.16,229.15,230.41,0
916,2020-05-26 03:00:00,229.16,229.66,228.77,230.08,0
917,2020-05-26 04:00:00,229.57,228.92,228.54,229.62,0
918,2020-05-26 05:00:00,228.88,229.44,228.32,229.45,0
919,2020-05-26 06:00:00,229.48,227.59,226.71,229.48,0
920,2020-05-26 07:00:00,227.59,229.07,227.0,229.38,0
921,2020-05-26 08:00:00,229.06,228.81,228.62,230.0,0
922,2020-05-26 09:00:00,228.83,228.22,227.88,228.85,0
923,2020-05-26 10:00:00,228.17,228.03,227.36,228.8,0
924,2020-05-26 11:00:00,227.92,228.28,227.21,228.71,0
925,2020-05-26 12:00:00,228.3,226.57,226.01,228.76,0
926,2020-05-26 13:00:00,226.6,226.85,225.86,228.11,0
927,2020-05-26 14:00:00,226.9,227.36,226.58,228.67,0
928,2020-05-26 15:00:00,227.35,224.49,223.91,227.82,0
929,2020-05-26 16:00:00,224.51,227.15,223.94,227.35,0
930,2020-05-26 17:00:00,227.11,227.66,226.83,228.17,0
931,2020-05-26 18:00:00,227.67,228.2,227.44,228.56,0
932,2020-05-26 19:00:00,228.2,227.21,226.76,228.53,1
933,2020-05-26 20:00:00,227.26,228.96,227.19,229.64,1
934,2020-05-26 21:00:00,229.04,228.04,227.94,230.03,1
935,2020-05-26 22:00:00,228.04,228.6,227.83,228.92,1
936,2020-05-26 23:00:00,228.59,228.01,227.26,229.16,1
937,2020-05-27 00:00:00,228.0,228.79,227.5,229.16,1
938,2020-05-27 01:00:00,228.8,227.93,227.71,229.37,1
939,2020-05-27 02:00:00,227.93,227.21,227.03,229.07,0
940,2020-05-27 03:00:00,227.26,227.62,227.16,228.17,0
941,2020-05-27 04:00:00,227.66,227.85,227.2,228.07,0
942,2020-05-27 05:00:00,227.89,228.73,227.75,228.83,1
943,2020-05-27 06:00:00,228.72,227.75,227.45,229.29,0
944,2020-05-27 07:00:00,227.8,227.58,227.38,228.14,0
945,2020-05-27 08:00:00,227.57,229.95,227.57,231.73,0
946,2020-05-27 09:00:00,230.04,230.01,229.5,230.29,0
947,2020-05-27 10:00:00,229.97,233.08,229.95,234.8,0
948,2020-05-27 11:00:00,233.06,233.38,232.83,233.76,1
949,2020-05-27 12:00:00,233.37,233.25,232.45,234.56,1
950,2020-05-27 13:00:00,233.26,232.56,232.46,233.64,1
951,2020-05-27 14:00:00,232.63,232.52,232.14,233.28,0
952,2020-05-27 15:00:00,232.53,232.23,231.55,233.57,0
953,2020-05-27 16:00:00,232.25,232.63,232.17,233.47,0
954,2020-05-27 17:00:00,232.68,232.72,232.51,233.5,0
955,2020-05-27 18:00:00,232.69,232.45,232.19,232.9,0
956,2020-05-27 19:00:00,232.47,232.04,231.31,232.47,0
957,2020-05-27 20:00:00,232.04,231.78,231.73,232.29,0
958,2020-05-27 21:00:00,231.77,230.25,229.91,231.86,0
959,2020-05-27 22:00:00,230.24,230.83,229.85,231.65,0
960,2020-05-27 23:00:00,230.83,232.85,230.65,232.92,0
961,2020-05-28 00:00:00,232.85,233.47,231.64,233.79,0
962,2020-05-28 01:00:00,233.39,231.46,231.37,233.62,0
963,2020-05-28 02:00:00,231.4,231.91,231.0,232.14,0
964,2020-05-28 03:00:00,231.85,231.05,230.91,231.93,0
965,2020-05-28 04:00:00,231.04,230.67,230.04,231.37,0
966,2020-05-28 05:00:00,230.67,230.81,230.06,231.02,0
967,2020-05-28 06:00:00,230.79,231.35,230.36,231.39,0
968,2020-05-28 07:00:00,231.28,229.83,228.85,231.46,1
969,2020-05-28 08:00:00,229.85,230.89,229.0,230.95,0
970,2020-05-28 09:00:00,230.88,230.79,230.28,231.28,0
971,2020-05-28 10:00:00,230.81,230.01,230.0,230.97,0
972,2020-05-28 11:00:00,230.03,232.24,230.01,232.5,0
973,2020-05-28 12:00:00,232.2,234.54,231.44,235.02,0
974,2020-05-28 13:00:00,234.57,233.58,233.11,235.25,0
975,2020-05-28 14:00:00,233.6,235.73,233.52,235.87,1
976,2020-05-28 15:00:00,235.79,237.1,235.5,238.96,1
977,2020-05-28 16:00:00,237.21,236.28,236.06,237.94,0
978,2020-05-28 17:00:00,236.2,236.75,236.05,236.99,1
979,2020-05-28 18:00:00,236.75,236.07,236.07,237.62,1
980,2020-05-28 19:00:00,236.07,237.08,235.86,238.27,1
981,2020-05-28 20:00:00,237.16,236.66,236.15,237.56,1
982,2020-05-28 21:00:00,236.67,236.16,236.11,237.15,1
983,2020-05-28 22:00:00,236.16,237.73,236.02,238.23,0
984,2020-05-28 23:00:00,237.67,239.86,237.61,241.0,1
985,2020-05-29 00:00:00,239.91,240.91,239.23,243.99,1
986,2020-05-29 01:00:00,240.92,241.04,239.74,242.37,1
987,2020-05-29 02:00:00,241.05,241.03,240.46,242.19,1
988,2020-05-29 03:00:00,241.03,240.82,240.52,241.5,1
989,2020-05-29 04:00:00,240.84,240.27,240.25,241.36,1
990,2020-05-29 05:00:00,240.29,240.57,238.72,240.65,0
991,2020-05-29 06:00:00,240.56,239.74,239.64,241.16,0
992,2020-05-29 07:00:00,239.73,239.66,239.21,240.43,0
993,2020-05-29 08:00:00,239.59,237.25,235.52,241.07,0
994,2020-05-29 09:00:00,237.25,237.37,237.0,237.86,0
995,2020-05-29 10:00:00,237.37,235.56,235.35,237.66,0
996,2020-05-29 11:00:00,235.48,236.49,234.53,236.87,0
997,2020-05-29 12:00:00,236.48,236.41,235.92,237.4,0
998,2020-05-29 13:00:00,236.5,236.94,236.0,237.15,0
999,2020-05-29 14:00:00,236.91,236.7,235.89,237.52,0
1000,2020-05-29 15:00:00,236.68,236.26,233.05,236.72,0
1001,2020-05-29 16:00:00,236.26,237.63,235.88,237.69,0
1002,2020-05-29 17:00:00,237.61,239.19,237.44,241.09,0
1003,2020-05-29 18:00:00,239.18,239.1,238.26,239.28,0
1004,2020-05-29 19:00:00,239.1,238.17,237.39,239.17,0
1005,2020-05-29 20:00:00,238.17,237.88,237.58,238.52,0
1006,2020-05-29 21:00:00,237.89,237.25,237.0,238.05,0
1007,2020-05-29 22:00:00,237.25,238.3,236.86,238.6,0
1008,2020-05-29 23:00:00,238.27,238.43,237.99,239.01,0
1009,2020-05-30 00:00:00,238.35,236.78,236.6,239.07,0
1010,2020-05-30 01:00:00,236.74,236.38,236.2,237.51,0
1011,2020-05-30 02:00:00,236.4,237.43,236.34,237.74,0
1012,2020-05-30 03:00:00,237.4,238.94,236.59,238.96,0
1013,2020-05-30 04:00:00,238.93,241.34,238.7,242.52,0
1014,2020-05-30 05:00:00,241.34,242.71,240.74,243.34,0
1015,2020-05-30 06:00:00,242.77,242.92,242.05,243.6,1
1016,2020-05-30 07:00:00,242.93,241.8,241.8,243.26,1
1017,2020-05-30 08:00:00,241.83,241.74,241.74,243.11,1
1018,2020-05-30 09:00:00,241.72,241.31,240.81,242.0,0
1019,2020-05-30 10:00:00,241.38,243.18,241.14,243.36,1
1020,2020-05-30 11:00:00,243.19,245.48,242.9,247.0,1
1021,2020-05-30 12:00:00,245.51,244.59,243.52,245.84,1
1022,2020-05-30 13:00:00,244.6,245.73,243.94,245.9,1
1023,2020-05-30 14:00:00,245.75,245.24,244.17,246.21,0
1024,2020-05-30 15:00:00,245.21,244.27,242.63,245.28,0
1025,2020-05-30 16:00:00,244.29,248.19,243.34,248.58,0
1026,2020-05-30 17:00:00,248.19,246.41,246.12,248.48,0
1027,2020-05-30 18:00:00,246.41,247.07,246.07,248.14,0
1028,2020-05-30 19:00:00,247.07,247.12,246.28,247.47,1
1029,2020-05-30 20:00:00,247.1,244.42,242.58,247.27,0
1030,2020-05-30 21:00:00,244.45,246.67,244.26,246.91,0
1031,2020-05-30 22:00:00,246.76,251.22,245.96,252.95,0
1032,2020-05-30 23:00:00,251.23,252.38,249.26,253.75,0
1033,2020-05-31 00:00:00,252.41,251.92,250.63,252.56,1
1034,2020-05-31 01:00:00,251.96,251.35,250.41,252.76,1
1035,2020-05-31 02:00:00,251.29,250.72,249.63,251.5,0
1036,2020-05-31 03:00:00,250.67,246.56,246.03,250.77,0
1037,2020-05-31 04:00:00,246.56,246.86,245.0,247.26,0
1038,2020-05-31 05:00:00,246.81,246.53,246.26,248.18,0
1039,2020-05-31 06:00:00,246.59,246.59,245.84,247.31,0
1040,2020-05-31 07:00:00,246.55,248.97,245.77,249.16,0
1041,2020-05-31 08:00:00,248.98,247.21,246.53,249.71,0
1042,2020-05-31 09:00:00,247.18,247.03,245.89,247.93,0
1043,2020-05-31 10:00:00,246.98,249.41,246.87,249.86,0
1044,2020-05-31 11:00:00,249.41,248.88,248.17,249.49,0
1045,2020-05-31 12:00:00,248.99,248.2,247.74,249.98,0
1046,2020-05-31 13:00:00,248.26,247.82,246.77,249.59,0
1047,2020-05-31 14:00:00,247.79,243.47,243.0,247.9,0
1048,2020-05-31 15:00:00,243.38,244.44,243.0,245.4,0
1049,2020-05-31 16:00:00,244.4,245.97,243.9,246.29,0
1050,2020-05-31 17:00:00,246.02,245.32,244.68,246.39,0
1051,2020-05-31 18:00:00,245.32,245.58,244.35,246.18,0
1052,2020-05-31 19:00:00,245.65,245.73,245.09,246.74,0
1053,2020-05-31 20:00:00,245.64,244.33,244.24,245.7,0
1054,2020-05-31 21:00:00,244.33,242.12,240.8,244.41,0
1055,2020-05-31 22:00:00,242.07,241.11,239.77,243.16,0
1056,2020-05-31 23:00:00,241.14,238.69,236.0,241.24,0
1057,2020-06-01 00:00:00,238.67,240.87,237.42,241.0,0
1058,2020-06-01 01:00:00,240.83,242.2,239.94,243.19,0
1059,2020-06-01 02:00:00,242.29,242.31,241.75,243.61,0
1060,2020-06-01 03:00:00,242.34,242.2,241.38,243.0,0
1061,2020-06-01 04:00:00,242.2,243.24,242.2,244.56,0
1062,2020-06-01 05:00:00,243.19,242.0,241.61,243.75,0
1063,2020-06-01 06:00:00,241.89,241.92,241.73,243.36,0
1064,2020-06-01 07:00:00,241.92,243.03,241.82,243.43,1
1065,2020-06-01 08:00:00,243.04,241.87,241.35,243.34,1
1066,2020-06-01 09:00:00,241.89,241.32,240.79,243.16,1
1067,2020-06-01 10:00:00,241.33,241.68,240.0,241.91,0
1068,2020-06-01 11:00:00,241.81,240.91,240.69,242.2,0
